archetype,count
0,0.0
1,5258.579856136293
2,0.0
3,10144.155601952887
4,0.0
5,6.612245974248982
6,210561.72748413763
7,188.4682326658431
8,0.0
9,92.6670607221205
